Model Type,Training Split Ratio,Max Depth,Criterion,Number of Trees,Mean Accuracy
Decision Tree,0.35,6,gini,,0.9961286919831224
Decision Tree,0.45,6,gini,,0.9958233041575485
Decision Tree,0.2,6,gini,,0.9957723076923081
Decision Tree,0.25,6,gini,,0.9957163958641067
Decision Tree,0.15,6,gini,,0.9954388843314192
Decision Tree,0.1,6,gini,,0.9953751537515377
Decision Tree,0.3,6,gini,,0.9952214930270717
Decision Tree,0.4,6,gini,,0.9951999999999999
Random Forest,0.25,6,gini,126.0,0.994426390940424
Random Forest,0.2,6,gini,125.0,0.9944246153846156
Random Forest,0.35,6,gini,128.0,0.9942440225035163
Random Forest,0.1,6,gini,128.0,0.9942312423124234
Random Forest,0.2,6,gini,128.0,0.9942092307692308
Random Forest,0.1,6,gini,126.0,0.994120541205412
Random Forest,0.2,6,gini,127.0,0.9940923076923076
Random Forest,0.25,6,gini,128.0,0.994086656819301
Random Forest,0.4,6,gini,125.0,0.9940769230769229
Random Forest,0.45,6,gini,130.0,0.9940590809628008
Random Forest,0.25,6,gini,125.0,0.9940472673559825
Random Forest,0.4,6,gini,128.0,0.9940369230769234
Random Forest,0.15,6,gini,128.0,0.9940278917145199
Random Forest,0.35,6,gini,126.0,0.9940014064697611
Random Forest,0.35,6,gini,127.0,0.993994374120957
Random Forest,0.45,6,gini,127.0,0.993990700218818
Random Forest,0.3,6,gini,128.0,0.9939704675963904
Random Forest,0.25,6,gini,130.0,0.9939684884293452
Random Forest,0.1,6,gini,125.0,0.9939360393603942
Random Forest,0.15,6,gini,127.0,0.9939294503691549
Random Forest,0.15,6,gini,130.0,0.9939212469237078
Random Forest,0.3,6,gini,129.0,0.9938966365873665
Random Forest,0.4,6,gini,129.0,0.9938830769230766
Random Forest,0.2,6,gini,130.0,0.9938646153846159
Random Forest,0.45,6,gini,129.0,0.993862144420131
Random Forest,0.35,6,gini,129.0,0.9938537271448663
Random Forest,0.25,6,gini,127.0,0.9938306253077304
Random Forest,0.45,6,gini,128.0,0.9938293216630198
Random Forest,0.4,6,gini,127.0,0.9938184615384614
Random Forest,0.2,6,gini,126.0,0.9938153846153849
Random Forest,0.3,6,gini,127.0,0.993794093519278
Decision Tree,0.45,6,entropy,,0.9937746170678338
Random Forest,0.1,6,gini,130.0,0.9937638376383766
Random Forest,0.4,6,gini,126.0,0.9937538461538463
Random Forest,0.15,6,gini,129.0,0.9937489745693192
Random Forest,0.35,6,gini,130.0,0.993748241912799
Random Forest,0.45,6,gini,126.0,0.9937335886214437
Random Forest,0.3,6,gini,126.0,0.9937038556193604
Random Forest,0.25,6,gini,129.0,0.9936976858690306
Random Forest,0.35,6,gini,125.0,0.9936954992967653
Random Forest,0.15,6,gini,125.0,0.99363412633306
Random Forest,0.2,6,gini,129.0,0.9936246153846158
Random Forest,0.45,6,gini,125.0,0.9936132385120346
Random Forest,0.4,6,gini,130.0,0.9936123076923079
Random Forest,0.15,6,gini,126.0,0.9935931091058243
Random Forest,0.1,6,gini,129.0,0.9935424354243547
Random Forest,0.3,6,gini,125.0,0.9935028712059064
Random Forest,0.3,6,gini,130.0,0.9934905660377357
Random Forest,0.1,6,gini,127.0,0.9933948339483402
Decision Tree,0.25,6,entropy,,0.9928902018709997
Decision Tree,0.35,6,entropy,,0.9924578059071734
Random Forest,0.1,6,entropy,125.0,0.9922509225092252
Random Forest,0.15,6,entropy,129.0,0.992231337161608
Decision Tree,0.4,6,entropy,,0.992181538461539
Random Forest,0.2,6,entropy,130.0,0.9921230769230772
Random Forest,0.2,6,entropy,125.0,0.9921107692307689
Random Forest,0.25,6,entropy,129.0,0.9921073362875426
Random Forest,0.15,6,entropy,126.0,0.9921000820344544
Random Forest,0.25,6,entropy,128.0,0.9920827178729696
Random Forest,0.35,6,entropy,127.0,0.9920464135021096
Random Forest,0.25,6,entropy,125.0,0.9920187099950765
Random Forest,0.4,6,entropy,126.0,0.9920153846153851
Random Forest,0.4,6,entropy,129.0,0.9919999999999998
Random Forest,0.3,6,entropy,130.0,0.9919729286300246
Random Forest,0.4,6,entropy,128.0,0.9919600000000003
Random Forest,0.35,6,entropy,128.0,0.9919514767932491
Random Forest,0.45,6,entropy,130.0,0.9919502188183804
Random Forest,0.45,6,entropy,129.0,0.9919474835886216
Random Forest,0.15,6,entropy,127.0,0.9919442165709595
Random Forest,0.3,6,entropy,129.0,0.9919196062346185
Random Forest,0.4,6,entropy,125.0,0.9919046153846159
Random Forest,0.25,6,entropy,130.0,0.9919005416051209
Random Forest,0.2,6,entropy,129.0,0.991883076923077
Random Forest,0.3,6,entropy,128.0,0.991882690730106
Random Forest,0.45,6,entropy,125.0,0.9918818380743981
Random Forest,0.3,6,entropy,127.0,0.991878589007383
Random Forest,0.45,6,entropy,126.0,0.9918763676148794
Decision Tree,0.2,6,entropy,,0.9918646153846161
Random Forest,0.1,6,entropy,129.0,0.9918573185731856
Random Forest,0.2,6,entropy,127.0,0.9918523076923081
Random Forest,0.45,6,entropy,128.0,0.9918435448577685
Random Forest,0.15,6,entropy,130.0,0.9918211648892534
Random Forest,0.35,6,entropy,125.0,0.9918143459915615
Random Forest,0.4,6,entropy,130.0,0.9917999999999997
Random Forest,0.25,6,entropy,127.0,0.9917922205809947
Random Forest,0.1,6,entropy,126.0,0.9917712177121775
Random Forest,0.3,6,entropy,125.0,0.9917596390484007
Random Forest,0.45,6,entropy,127.0,0.9917532822757111
Random Forest,0.35,6,entropy,129.0,0.9917510548523208
Random Forest,0.25,6,entropy,126.0,0.9917380600689314
Random Forest,0.1,6,entropy,130.0,0.9917343173431737
Decision Tree,0.15,6,entropy,,0.9917145200984419
Random Forest,0.4,6,entropy,127.0,0.9917138461538461
Decision Tree,0.1,6,entropy,,0.991709717097171
Random Forest,0.35,6,entropy,126.0,0.9917088607594938
Random Forest,0.1,6,entropy,127.0,0.991660516605167
Random Forest,0.2,6,entropy,128.0,0.9916184615384617
Random Forest,0.1,6,entropy,128.0,0.9916113161131616
Random Forest,0.3,6,entropy,126.0,0.9916078753076286
Random Forest,0.15,6,entropy,128.0,0.9915914684167348
Random Forest,0.35,6,entropy,130.0,0.9915506329113929
Random Forest,0.2,6,entropy,126.0,0.9914646153846155
Random Forest,0.15,6,entropy,125.0,0.9914438063986876
Decision Tree,0.3,6,entropy,,0.9913658736669403
Random Forest,0.1,5,gini,127.0,0.9911193111931125
Random Forest,0.2,5,gini,126.0,0.9910953846153845
Random Forest,0.1,5,gini,125.0,0.9910455104551051
Random Forest,0.3,5,gini,125.0,0.990988515176374
Random Forest,0.1,5,gini,126.0,0.9908979089790896
Random Forest,0.15,5,gini,129.0,0.9908941755537325
Random Forest,0.15,5,gini,127.0,0.9908859721082856
Random Forest,0.25,5,gini,126.0,0.9908370260955192
Random Forest,0.4,5,gini,128.0,0.9908215384615384
Random Forest,0.3,5,gini,129.0,0.9908121410992617
Random Forest,0.2,5,gini,127.0,0.990756923076923
Random Forest,0.25,5,gini,130.0,0.990738552437223
Random Forest,0.4,5,gini,126.0,0.9907323076923075
Random Forest,0.25,5,gini,125.0,0.9907139340226486
Random Forest,0.35,5,gini,127.0,0.9907102672292549
Random Forest,0.45,5,gini,125.0,0.9907029540481403
Random Forest,0.3,5,gini,130.0,0.9906808859721083
Random Forest,0.25,5,gini,129.0,0.9906696208764154
Random Forest,0.15,5,gini,126.0,0.9906644790812138
Random Forest,0.45,5,gini,130.0,0.9906427789934356
Random Forest,0.15,5,gini,130.0,0.9906152584085316
Random Forest,0.35,5,gini,129.0,0.9906012658227845
Random Forest,0.2,5,gini,128.0,0.990596923076923
Random Forest,0.2,5,gini,125.0,0.9905784615384612
Random Forest,0.35,5,gini,130.0,0.9905731364275675
Random Forest,0.25,5,entropy,128.0,0.9905662235352044
Random Forest,0.25,5,entropy,125.0,0.99055145248646
Random Forest,0.4,5,gini,129.0,0.9905446153846154
Random Forest,0.45,5,gini,126.0,0.9905415754923413
Random Forest,0.15,5,entropy,130.0,0.9905414273995079
Random Forest,0.3,5,entropy,126.0,0.990529122231337
Random Forest,0.15,5,entropy,125.0,0.9905250205086132
Random Forest,0.45,5,gini,127.0,0.9905114879649889
Random Forest,0.2,5,entropy,128.0,0.9904984615384614
Random Forest,0.3,5,gini,127.0,0.9904963084495491
Random Forest,0.15,5,gini,128.0,0.9904922067268253
Random Forest,0.1,4,gini,125.0,0.9904920049200497
Random Forest,0.3,5,gini,126.0,0.9904881050041019
Random Forest,0.45,5,gini,128.0,0.9904759299781183
Random Forest,0.25,5,gini,128.0,0.9904726735598227
Random Forest,0.35,5,gini,126.0,0.9904500703234882
Random Forest,0.35,5,entropy,127.0,0.9904500703234881
Random Forest,0.4,5,gini,130.0,0.9904492307692309
Random Forest,0.2,5,gini,130.0,0.990436923076923
Random Forest,0.3,5,entropy,128.0,0.9904306808859716
Random Forest,0.1,5,entropy,126.0,0.9904305043050432
Random Forest,0.45,5,entropy,127.0,0.9903966083150985
Random Forest,0.1,5,gini,129.0,0.9903936039360391
Random Forest,0.35,5,gini,128.0,0.9903832630098459
Random Forest,0.35,5,entropy,129.0,0.9903832630098457
Random Forest,0.1,5,entropy,128.0,0.990381303813038
Random Forest,0.1,4,gini,126.0,0.9903690036900372
Random Forest,0.1,5,gini,130.0,0.9903690036900369
Random Forest,0.25,5,entropy,127.0,0.9903643525356962
Random Forest,0.2,5,entropy,127.0,0.9903630769230767
Random Forest,0.35,5,gini,125.0,0.9903551336146275
Random Forest,0.25,5,entropy,129.0,0.9903545051698671
Random Forest,0.2,5,entropy,130.0,0.9903507692307691
Random Forest,0.45,5,entropy,128.0,0.990325492341357
Random Forest,0.15,4,entropy,129.0,0.9903199343724363
Random Forest,0.35,5,entropy,128.0,0.990316455696203
Random Forest,0.4,5,entropy,125.0,0.9903138461538467
Random Forest,0.2,4,gini,129.0,0.9903138461538465
Random Forest,0.35,5,entropy,125.0,0.9903129395218003
Random Forest,0.4,5,gini,127.0,0.99031076923077
Random Forest,0.2,4,gini,125.0,0.9903076923076922
Random Forest,0.1,4,gini,130.0,0.9903075030750308
Random Forest,0.25,5,gini,127.0,0.9902904972919743
Random Forest,0.15,4,entropy,130.0,0.9902625102543068
Random Forest,0.45,5,gini,129.0,0.9902571115973748
Random Forest,0.2,5,gini,129.0,0.9902461538461541
Random Forest,0.4,5,entropy,127.0,0.9902430769230769
Random Forest,0.3,5,entropy,130.0,0.990242001640689
Random Forest,0.35,5,entropy,126.0,0.9902390998593531
Random Forest,0.15,5,gini,125.0,0.9902378999179655
Random Forest,0.15,4,entropy,125.0,0.9902378999179651
Random Forest,0.1,5,entropy,129.0,0.9902337023370237
Random Forest,0.1,5,entropy,127.0,0.9902337023370233
Random Forest,0.45,5,entropy,125.0,0.9902324945295407
Random Forest,0.3,5,gini,128.0,0.9902255947497948
Random Forest,0.2,5,entropy,129.0,0.9902215384615382
Random Forest,0.3,4,entropy,127.0,0.9902173913043478
Random Forest,0.45,4,gini,126.0,0.9902133479212251
Random Forest,0.15,4,gini,126.0,0.9902132895816245
Random Forest,0.3,5,entropy,127.0,0.9902132895816242
Random Forest,0.15,4,gini,125.0,0.9902132895816241
Random Forest,0.45,5,entropy,129.0,0.9902024070021881
Random Forest,0.4,5,gini,125.0,0.9901999999999996
Random Forest,0.2,5,entropy,125.0,0.9901907692307687
Random Forest,0.3,5,entropy,129.0,0.990180475799836
Random Forest,0.15,5,entropy,126.0,0.9901804757998359
Random Forest,0.25,5,entropy,130.0,0.9901772525849336
Random Forest,0.3,4,entropy,130.0,0.9901763740771122
Random Forest,0.3,4,gini,129.0,0.9901722723543885
Random Forest,0.35,4,gini,128.0,0.9901582278481016
Random Forest,0.25,5,entropy,126.0,0.9901575578532744
Random Forest,0.2,5,entropy,126.0,0.9901538461538459
Random Forest,0.3,4,gini,130.0,0.9901476620180477
Random Forest,0.3,5,entropy,125.0,0.9901476620180476
Random Forest,0.15,4,gini,127.0,0.9901476620180472
Random Forest,0.1,4,gini,129.0,0.9901230012300125
Random Forest,0.1,5,gini,128.0,0.9901230012300124
Random Forest,0.45,4,gini,125.0,0.9901148796498909
Random Forest,0.25,4,entropy,129.0,0.9901132447070409
Random Forest,0.1,5,entropy,130.0,0.9901107011070112
Random Forest,0.45,5,entropy,126.0,0.9901094091903722
Random Forest,0.45,5,entropy,130.0,0.9901094091903718
Random Forest,0.4,4,gini,130.0,0.9901046153846156
Random Forest,0.25,4,gini,127.0,0.9901033973412112
Random Forest,0.25,4,gini,126.0,0.9901033973412106
Random Forest,0.4,5,entropy,129.0,0.9901015384615383
Random Forest,0.15,4,entropy,127.0,0.990098441345365
Random Forest,0.2,4,gini,130.0,0.9900861538461535
Random Forest,0.3,4,entropy,125.0,0.9900861361771947
Random Forest,0.35,4,entropy,128.0,0.9900773558368495
Random Forest,0.25,4,gini,125.0,0.9900738552437224
Random Forest,0.35,5,entropy,130.0,0.9900668073136428
Random Forest,0.4,4,entropy,130.0,0.9900646153846158
Random Forest,0.3,4,gini,126.0,0.9900615258408536
Random Forest,0.25,4,entropy,130.0,0.9900541605120631
Random Forest,0.4,5,entropy,128.0,0.9900492307692309
Random Forest,0.35,4,gini,125.0,0.9900492264416314
Random Forest,0.15,5,entropy,127.0,0.9900410172272351
Random Forest,0.2,4,entropy,129.0,0.990030769230769
Random Forest,0.3,4,gini,127.0,0.9900205086136173
Random Forest,0.45,4,gini,128.0,0.9900164113785561
Random Forest,0.4,4,entropy,125.0,0.9900092307692308
Random Forest,0.15,4,gini,129.0,0.9900082034454469
Random Forest,0.2,4,entropy,126.0,0.990006153846154
Random Forest,0.35,4,gini,130.0,0.9900000000000003
Random Forest,0.1,4,gini,128.0,0.99
Random Forest,0.4,4,gini,127.0,0.9899907692307695
Random Forest,0.35,4,entropy,130.0,0.9899894514767937
Random Forest,0.35,4,entropy,125.0,0.989982419127989
Random Forest,0.2,4,gini,128.0,0.9899753846153844
Random Forest,0.25,4,entropy,128.0,0.9899753815854261
Random Forest,0.35,4,gini,126.0,0.9899683544303801
Random Forest,0.3,4,entropy,129.0,0.9899671862182116
Random Forest,0.25,4,gini,130.0,0.9899655342195962
Random Forest,0.4,4,gini,129.0,0.9899538461538462
Random Forest,0.4,4,gini,126.0,0.9899507692307695
Random Forest,0.4,4,entropy,129.0,0.9899384615384612
Random Forest,0.4,5,entropy,130.0,0.9899292307692308
Random Forest,0.15,5,entropy,128.0,0.9899261689909769
Random Forest,0.45,4,gini,127.0,0.9899124726477028
Random Forest,0.35,4,gini,129.0,0.9899120956399448
Random Forest,0.45,4,gini,130.0,0.989904266958425
Random Forest,0.45,4,entropy,127.0,0.9899042669584243
Random Forest,0.4,5,entropy,126.0,0.9898984615384618
Random Forest,0.4,4,gini,125.0,0.9898984615384618
Random Forest,0.25,4,entropy,126.0,0.9898966026587889
Random Forest,0.35,4,entropy,127.0,0.9898945147679324
Random Forest,0.15,4,entropy,126.0,0.9898933552091884
Random Forest,0.4,4,gini,128.0,0.989892307692308
Random Forest,0.1,4,entropy,127.0,0.9898892988929892
Random Forest,0.25,4,entropy,127.0,0.9898818316100437
Random Forest,0.3,4,gini,128.0,0.9898523379819524
Random Forest,0.15,5,entropy,129.0,0.9898523379819519
Random Forest,0.15,4,entropy,128.0,0.9898441345365053
Random Forest,0.15,4,gini,130.0,0.9898441345365048
Random Forest,0.45,4,entropy,130.0,0.9898386214442018
Random Forest,0.35,4,entropy,126.0,0.9898347398030944
Random Forest,0.45,4,entropy,129.0,0.989819474835886
Random Forest,0.25,4,gini,128.0,0.9898129000492366
Random Forest,0.3,4,gini,125.0,0.9898113207547169
Random Forest,0.35,4,entropy,129.0,0.9897925457102678
Random Forest,0.4,4,entropy,127.0,0.9897753846153848
Random Forest,0.3,4,entropy,126.0,0.9897744052502051
Random Forest,0.45,4,entropy,125.0,0.9897456236323856
Random Forest,0.4,4,entropy,128.0,0.989723076923077
Random Forest,0.2,4,gini,126.0,0.9897230769230768
Random Forest,0.25,4,gini,129.0,0.9897193500738551
Random Forest,0.1,4,entropy,130.0,0.9897170971709716
Random Forest,0.35,4,gini,127.0,0.9896940928270045
Random Forest,0.2,4,entropy,130.0,0.9896923076923072
Random Forest,0.45,4,entropy,126.0,0.9896854485776808
Random Forest,0.2,4,entropy,127.0,0.9896799999999996
Random Forest,0.1,4,entropy,126.0,0.989667896678967
Random Forest,0.1,4,gini,127.0,0.9896432964329643
Random Forest,0.3,4,entropy,128.0,0.9896431501230513
Random Forest,0.45,4,gini,129.0,0.9896362144420133
Random Forest,0.2,4,entropy,125.0,0.9896246153846149
Random Forest,0.15,4,gini,128.0,0.9896144380639866
Random Forest,0.25,4,entropy,125.0,0.9896110290497289
Random Forest,0.2,4,gini,127.0,0.9895999999999995
Random Forest,0.4,4,entropy,126.0,0.9895876923076924
Random Forest,0.45,4,entropy,128.0,0.989576039387309
Random Forest,0.1,4,entropy,129.0,0.9895694956949572
Random Forest,0.2,4,entropy,128.0,0.9895630769230764
Random Forest,0.1,5,entropy,125.0,0.9894341943419431
Random Forest,0.1,4,entropy,125.0,0.9894095940959409
Random Forest,0.1,4,entropy,128.0,0.9890651906519065
Random Forest,0.2,3,gini,129.0,0.9840307692307694
Random Forest,0.2,3,gini,130.0,0.9837230769230768
Random Forest,0.15,3,gini,127.0,0.9836505332239547
Random Forest,0.35,3,gini,125.0,0.9833473980309422
Random Forest,0.25,3,gini,126.0,0.9833431806991629
Random Forest,0.4,3,gini,125.0,0.9832338461538463
Random Forest,0.35,3,gini,128.0,0.9832102672292544
Random Forest,0.35,3,gini,129.0,0.9831610407876235
Random Forest,0.2,3,gini,126.0,0.9831446153846153
Random Forest,0.4,3,gini,130.0,0.9831292307692313
Random Forest,0.15,3,gini,130.0,0.9830926989335523
Random Forest,0.35,3,gini,130.0,0.9830344585091426
Random Forest,0.4,3,gini,126.0,0.9830276923076923
Random Forest,0.25,3,gini,129.0,0.9830083702609552
Random Forest,0.2,3,gini,125.0,0.9829969230769234
Random Forest,0.1,3,gini,130.0,0.982988929889299
Random Forest,0.2,3,gini,127.0,0.9829600000000001
Random Forest,0.45,3,gini,125.0,0.9829458424507662
Random Forest,0.15,3,gini,129.0,0.9829204265791631
Random Forest,0.4,3,gini,127.0,0.9829169230769229
Random Forest,0.25,3,gini,125.0,0.9829148202855733
Random Forest,0.1,3,gini,128.0,0.982841328413284
Random Forest,0.25,3,gini,127.0,0.9828360413589362
Random Forest,0.3,3,gini,125.0,0.9827768662838393
Random Forest,0.15,3,gini,126.0,0.9827645611156685
Random Forest,0.2,3,gini,128.0,0.9827507692307691
Random Forest,0.45,3,gini,127.0,0.982718818380744
Random Forest,0.15,3,gini,125.0,0.9826989335520918
Random Forest,0.45,3,gini,129.0,0.9826586433260394
Random Forest,0.1,3,gini,126.0,0.982632226322263
Random Forest,0.1,3,gini,129.0,0.9825707257072567
Random Forest,0.1,3,gini,125.0,0.9825584255842557
Random Forest,0.15,3,gini,128.0,0.9825512715340445
Random Forest,0.4,3,gini,128.0,0.9825384615384618
Random Forest,0.35,3,gini,126.0,0.9825035161744023
Random Forest,0.35,3,gini,127.0,0.9824507735583689
Random Forest,0.3,3,gini,126.0,0.9824118129614444
Random Forest,0.4,3,entropy,127.0,0.9823538461538465
Random Forest,0.3,3,gini,129.0,0.9823379819524198
Random Forest,0.25,3,gini,130.0,0.9823289020187097
Random Forest,0.25,3,gini,128.0,0.9822796651895617
Random Forest,0.25,3,entropy,126.0,0.982072870507139
Random Forest,0.1,3,gini,127.0,0.9820664206642058
Random Forest,0.45,3,gini,126.0,0.9820404814004382
Random Forest,0.3,3,gini,128.0,0.9820344544708779
Random Forest,0.3,3,gini,130.0,0.9820057424118125
Random Forest,0.25,3,entropy,130.0,0.9819694731659283
Random Forest,0.45,3,gini,128.0,0.9819256017505466
Random Forest,0.2,3,entropy,128.0,0.9818953846153845
Random Forest,0.15,3,entropy,129.0,0.9818621821164889
Random Forest,0.1,3,entropy,125.0,0.9818450184501846
Random Forest,0.3,3,gini,127.0,0.981825266611977
Random Forest,0.1,3,entropy,127.0,0.9817343173431736
Random Forest,0.2,3,entropy,126.0,0.9816861538461537
Random Forest,0.45,3,gini,130.0,0.9816657549234131
Random Forest,0.1,3,entropy,129.0,0.98150061500615
Random Forest,0.4,3,gini,129.0,0.9814861538461542
Random Forest,0.35,3,entropy,129.0,0.9814064697609006
Random Forest,0.1,3,entropy,126.0,0.9813653136531362
Random Forest,0.15,3,entropy,128.0,0.9812551271534045
Random Forest,0.2,3,entropy,130.0,0.9811200000000002
Random Forest,0.15,3,entropy,130.0,0.9810664479081213
Random Forest,0.3,3,entropy,128.0,0.9809310910582443
Random Forest,0.45,3,entropy,127.0,0.9808807439824944
Random Forest,0.15,3,entropy,127.0,0.9808695652173917
Random Forest,0.3,3,entropy,130.0,0.9808080393765387
Random Forest,0.25,3,entropy,127.0,0.9807188577055631
Random Forest,0.35,3,entropy,127.0,0.9806645569620258
Random Forest,0.25,3,entropy,125.0,0.9805465288035454
Random Forest,0.4,3,entropy,129.0,0.98052
Random Forest,0.35,3,entropy,128.0,0.9804113924050636
Random Forest,0.2,3,entropy,129.0,0.9803815384615387
Random Forest,0.2,3,entropy,127.0,0.9803138461538465
Random Forest,0.35,3,entropy,130.0,0.9803129395218008
Random Forest,0.3,3,entropy,127.0,0.9801927809680063
Random Forest,0.1,3,entropy,130.0,0.9800369003690037
Random Forest,0.25,3,entropy,128.0,0.9800344657804034
Random Forest,0.3,3,entropy,125.0,0.9799753896636587
Random Forest,0.45,3,entropy,128.0,0.9799753829321662
Random Forest,0.3,3,entropy,126.0,0.9799302707137
Random Forest,0.25,3,entropy,129.0,0.9798473658296402
Random Forest,0.15,3,entropy,125.0,0.9798031173092699
Random Forest,0.2,3,entropy,125.0,0.9797846153846159
Random Forest,0.35,3,entropy,125.0,0.9796940928270044
Random Forest,0.3,3,entropy,129.0,0.9796759639048406
Random Forest,0.1,3,entropy,128.0,0.9796432964329642
Random Forest,0.15,3,entropy,126.0,0.979630844954881
Random Forest,0.45,3,entropy,129.0,0.9795213347921226
Decision Tree,0.15,5,gini,,0.9794995898277277
Random Forest,0.4,3,entropy,130.0,0.9794953846153845
Random Forest,0.4,3,entropy,128.0,0.9794338461538463
Decision Tree,0.2,5,gini,,0.9793169230769233
Decision Tree,0.35,5,gini,,0.9792791842475387
Random Forest,0.45,3,entropy,125.0,0.9792587527352298
Decision Tree,0.3,5,gini,,0.979191960623462
Random Forest,0.4,3,entropy,126.0,0.9791107692307692
Random Forest,0.45,3,entropy,130.0,0.9790727571115977
Decision Tree,0.4,5,gini,,0.9789415384615385
Decision Tree,0.45,5,gini,,0.9789277899343545
Decision Tree,0.1,5,gini,,0.9789052890528903
Decision Tree,0.25,5,gini,,0.9788380108321029
Random Forest,0.35,3,entropy,126.0,0.9785970464135025
Random Forest,0.45,3,entropy,126.0,0.9784956236323855
Decision Tree,0.45,5,entropy,,0.9784190371991253
Random Forest,0.4,3,entropy,125.0,0.9784092307692306
Decision Tree,0.35,5,entropy,,0.9783333333333337
Decision Tree,0.25,5,entropy,,0.9782865583456426
Decision Tree,0.4,5,entropy,,0.9782615384615384
Decision Tree,0.3,5,entropy,,0.9780311730926989
Decision Tree,0.2,4,gini,,0.977993846153846
Decision Tree,0.35,4,gini,,0.9778797468354431
Decision Tree,0.15,5,entropy,,0.9777768662838393
Decision Tree,0.25,4,gini,,0.9777498769079276
Decision Tree,0.3,4,gini,,0.9775881870385565
Decision Tree,0.2,5,entropy,,0.9774584615384617
Decision Tree,0.15,4,gini,,0.977366694011485
Decision Tree,0.1,5,entropy,,0.9770356703567039
Decision Tree,0.4,4,gini,,0.9765630769230768
Decision Tree,0.1,4,gini,,0.9764821648216483
Decision Tree,0.45,4,gini,,0.9757932166301966
Decision Tree,0.45,4,entropy,,0.9609463894967178
Decision Tree,0.35,4,entropy,,0.9596554149085793
Decision Tree,0.4,4,entropy,,0.9593353846153845
Decision Tree,0.4,3,gini,,0.9589969230769229
Decision Tree,0.3,3,gini,,0.9587776866283838
Decision Tree,0.45,3,gini,,0.9586816192560176
Decision Tree,0.15,3,gini,,0.9585151763740772
Decision Tree,0.25,3,gini,,0.9583653372722797
Decision Tree,0.2,3,gini,,0.9580492307692313
Decision Tree,0.3,4,entropy,,0.9580434782608696
Decision Tree,0.35,3,gini,,0.9579606188466944
Decision Tree,0.1,3,gini,,0.9578228782287824
Decision Tree,0.25,4,entropy,,0.9577252584933531
Decision Tree,0.2,3,entropy,,0.9573476923076925
Decision Tree,0.4,3,entropy,,0.9572061538461542
Decision Tree,0.45,3,entropy,,0.9571471553610498
Decision Tree,0.15,3,entropy,,0.9568990976210009
Decision Tree,0.25,3,entropy,,0.9568833087149187
Decision Tree,0.2,4,entropy,,0.9567384615384615
Decision Tree,0.35,3,entropy,,0.9565365682137841
Decision Tree,0.3,3,entropy,,0.9564930270713696
Decision Tree,0.1,3,entropy,,0.956088560885609
Decision Tree,0.15,4,entropy,,0.9553978671041837
Decision Tree,0.1,4,entropy,,0.9536900369003692
Random Forest,0.45,2,entropy,126.0,0.9250492341356675
Random Forest,0.35,2,gini,126.0,0.924521800281294
Random Forest,0.45,2,entropy,129.0,0.9243544857768053
Random Forest,0.45,2,gini,130.0,0.9242149890590808
Random Forest,0.45,2,gini,129.0,0.9242040481400434
Random Forest,0.45,2,gini,125.0,0.9241247264770241
Random Forest,0.3,2,gini,130.0,0.9237489745693191
Random Forest,0.1,2,gini,126.0,0.9236654366543666
Random Forest,0.1,2,entropy,125.0,0.9233825338253382
Random Forest,0.25,2,gini,130.0,0.9232348596750367
Random Forest,0.2,2,gini,128.0,0.9231938461538465
Random Forest,0.4,2,gini,130.0,0.9231538461538463
Random Forest,0.35,2,gini,127.0,0.9231399437412092
Random Forest,0.25,2,gini,129.0,0.9230969965534225
Random Forest,0.3,2,gini,127.0,0.9230803937653819
Random Forest,0.2,2,gini,125.0,0.9230769230769235
Random Forest,0.3,2,gini,129.0,0.9229819524200168
Random Forest,0.3,2,gini,125.0,0.922932731747334
Random Forest,0.1,2,gini,129.0,0.9229274292742928
Random Forest,0.35,2,gini,129.0,0.9229219409282698
Random Forest,0.1,2,gini,128.0,0.9228782287822881
Random Forest,0.1,2,gini,130.0,0.9228167281672813
Random Forest,0.1,2,entropy,130.0,0.9227552275522756
Random Forest,0.25,2,gini,125.0,0.9227523387493842
Random Forest,0.1,2,gini,125.0,0.9227429274292749
Random Forest,0.4,2,gini,127.0,0.9227261538461542
Random Forest,0.25,2,gini,126.0,0.9227178729689812
Random Forest,0.45,2,gini,126.0,0.9226613785557986
Random Forest,0.15,2,gini,126.0,0.922608695652174
Random Forest,0.2,2,gini,129.0,0.922566153846154
Random Forest,0.45,2,gini,127.0,0.9225574398249452
Random Forest,0.4,2,gini,126.0,0.9225384615384614
Random Forest,0.4,2,entropy,128.0,0.9223815384615386
Random Forest,0.35,2,gini,130.0,0.9223241912798867
Random Forest,0.4,2,gini,128.0,0.922316923076923
Random Forest,0.3,2,gini,126.0,0.922288761279737
Random Forest,0.45,2,entropy,130.0,0.9222811816192561
Random Forest,0.2,2,entropy,126.0,0.9222461538461537
Random Forest,0.15,2,gini,125.0,0.9222231337161608
Random Forest,0.4,2,entropy,125.0,0.922212307692308
Random Forest,0.1,2,gini,127.0,0.9221279212792127
Random Forest,0.45,2,entropy,128.0,0.9220021881838072
Random Forest,0.2,2,entropy,128.0,0.922
Random Forest,0.2,2,gini,126.0,0.92192
Random Forest,0.15,2,gini,130.0,0.9219196062346188
Random Forest,0.4,2,entropy,129.0,0.9219015384615384
Random Forest,0.4,2,gini,129.0,0.921898461538461
Random Forest,0.25,2,gini,127.0,0.921880846873461
Random Forest,0.35,2,entropy,126.0,0.9218354430379744
Random Forest,0.35,2,gini,125.0,0.9218178621659635
Random Forest,0.2,2,gini,130.0,0.921796923076923
Random Forest,0.3,2,entropy,129.0,0.9217801476620179
Random Forest,0.4,2,entropy,126.0,0.921726153846154
Random Forest,0.15,2,entropy,128.0,0.9217145200984415
Random Forest,0.1,2,entropy,129.0,0.9217097170971708
Random Forest,0.45,2,entropy,125.0,0.9217040481400437
Random Forest,0.2,2,entropy,125.0,0.9216246153846157
Random Forest,0.25,2,gini,128.0,0.9215706548498279
Random Forest,0.25,2,entropy,128.0,0.9214820285573612
Random Forest,0.4,2,entropy,127.0,0.9214369230769226
Random Forest,0.3,2,gini,128.0,0.9214068908941758
Random Forest,0.2,2,gini,127.0,0.9213230769230768
Random Forest,0.35,2,gini,128.0,0.9212658227848098
Random Forest,0.45,2,entropy,127.0,0.9212527352297593
Random Forest,0.2,2,entropy,129.0,0.9212123076923074
Random Forest,0.15,2,entropy,129.0,0.9211812961443805
Random Forest,0.4,2,gini,125.0,0.921138461538461
Random Forest,0.3,2,entropy,130.0,0.921115668580804
Random Forest,0.15,2,entropy,126.0,0.9209680065627562
Random Forest,0.4,2,entropy,130.0,0.9208369230769224
Random Forest,0.25,2,entropy,126.0,0.9207828655834566
Random Forest,0.2,2,entropy,130.0,0.9207507692307694
Random Forest,0.15,2,gini,127.0,0.9207465135356852
Random Forest,0.25,2,entropy,130.0,0.9207237813884784
Random Forest,0.25,2,entropy,125.0,0.9206991629739045
Random Forest,0.15,2,gini,128.0,0.9205988515176375
Random Forest,0.35,2,entropy,127.0,0.9205485232067505
Random Forest,0.45,2,gini,128.0,0.9205087527352299
Random Forest,0.25,2,entropy,129.0,0.9203938946331857
Random Forest,0.15,2,gini,129.0,0.9203609515996716
Random Forest,0.15,2,entropy,127.0,0.9200902378999178
Random Forest,0.15,2,entropy,130.0,0.919934372436423
Random Forest,0.3,2,entropy,125.0,0.9197826086956519
Random Forest,0.35,2,entropy,125.0,0.9197538677918421
Random Forest,0.3,2,entropy,126.0,0.9196308449548813
Random Forest,0.35,2,entropy,128.0,0.9195745428973272
Random Forest,0.25,2,entropy,127.0,0.9195617922205811
Random Forest,0.15,2,entropy,125.0,0.9195406070549629
Random Forest,0.35,2,entropy,130.0,0.9193248945147678
Random Forest,0.1,2,entropy,128.0,0.918966789667897
Random Forest,0.2,2,entropy,127.0,0.9188923076923075
Random Forest,0.1,2,entropy,127.0,0.9185485854858548
Random Forest,0.3,2,entropy,127.0,0.9183552091878593
Random Forest,0.3,2,entropy,128.0,0.9181009023789993
Random Forest,0.1,2,entropy,126.0,0.917847478474785
Random Forest,0.35,2,entropy,129.0,0.9169409282700417
Decision Tree,0.15,2,entropy,,0.9138966365873665
Decision Tree,0.3,2,entropy,,0.9138679245283019
Decision Tree,0.35,2,entropy,,0.9134985935302393
Decision Tree,0.45,2,entropy,,0.913142778993435
Decision Tree,0.2,2,entropy,,0.9131199999999999
Decision Tree,0.25,2,entropy,,0.912954209748892
Decision Tree,0.4,2,entropy,,0.9128769230769228
Decision Tree,0.1,2,entropy,,0.9123247232472328
Decision Tree,0.3,2,gini,,0.9110992616899094
Decision Tree,0.4,2,gini,,0.9110307692307695
Decision Tree,0.45,2,gini,,0.9110147702407001
Decision Tree,0.2,2,gini,,0.9108738461538458
Decision Tree,0.1,2,gini,,0.9108364083640833
Decision Tree,0.35,2,gini,,0.910537974683544
Decision Tree,0.25,2,gini,,0.9103938946331859
Decision Tree,0.15,2,gini,,0.9098933552091879
Random Forest,0.15,1,entropy,128.0,0.8981952420016406
Random Forest,0.25,1,entropy,130.0,0.8966912850812406
Random Forest,0.1,1,entropy,125.0,0.8963099630996311
Random Forest,0.1,1,entropy,130.0,0.8959532595325949
Random Forest,0.1,1,entropy,126.0,0.8956703567035672
Random Forest,0.2,1,entropy,129.0,0.8953846153846153
Random Forest,0.25,1,entropy,127.0,0.8949384539635643
Random Forest,0.2,1,entropy,126.0,0.8948738461538457
Random Forest,0.15,1,entropy,127.0,0.8947990155865466
Random Forest,0.1,1,entropy,129.0,0.8946863468634682
Random Forest,0.3,1,entropy,125.0,0.8946144380639871
Random Forest,0.2,1,entropy,130.0,0.8945476923076922
Random Forest,0.4,1,entropy,126.0,0.8944923076923079
Random Forest,0.2,1,entropy,128.0,0.8944307692307696
Random Forest,0.2,1,entropy,127.0,0.8943876923076924
Random Forest,0.35,1,entropy,126.0,0.8943389592123769
Random Forest,0.25,1,entropy,125.0,0.8940275726243232
Random Forest,0.4,1,entropy,125.0,0.8939753846153846
Random Forest,0.4,1,entropy,130.0,0.8938553846153848
Random Forest,0.45,1,entropy,129.0,0.8937828227571113
Random Forest,0.3,1,entropy,129.0,0.8937407711238721
Random Forest,0.2,1,entropy,125.0,0.8937353846153847
Random Forest,0.3,1,entropy,130.0,0.8936628383921249
Random Forest,0.3,1,entropy,128.0,0.893597210828548
Random Forest,0.45,1,entropy,128.0,0.8934463894967176
Random Forest,0.15,1,entropy,125.0,0.8934290401968827
Random Forest,0.1,1,entropy,128.0,0.8933948339483393
Random Forest,0.15,1,entropy,129.0,0.8933388022969649
Random Forest,0.45,1,entropy,126.0,0.8933014223194746
Random Forest,0.15,1,entropy,126.0,0.8932485643970465
Random Forest,0.35,1,entropy,128.0,0.8932419127988741
Random Forest,0.3,1,entropy,127.0,0.893129614438064
Random Forest,0.35,1,entropy,125.0,0.8930731364275666
Random Forest,0.25,1,entropy,128.0,0.8930083702609554
Random Forest,0.3,1,entropy,126.0,0.8929819524200165
Random Forest,0.45,1,entropy,130.0,0.8928665207877464
Random Forest,0.25,1,entropy,129.0,0.8928409650418513
Random Forest,0.4,1,entropy,129.0,0.8924769230769226
Random Forest,0.1,1,entropy,127.0,0.8924723247232471
Random Forest,0.35,1,entropy,129.0,0.8924472573839658
Random Forest,0.45,1,entropy,125.0,0.8924452954048141
Random Forest,0.15,1,entropy,130.0,0.8920672682526661
Random Forest,0.4,1,entropy,127.0,0.8920030769230776
Random Forest,0.45,1,entropy,127.0,0.8912253829321664
Random Forest,0.35,1,entropy,130.0,0.8911392405063284
Random Forest,0.25,1,entropy,126.0,0.8906450024618414
Random Forest,0.4,1,entropy,128.0,0.8902092307692309
Random Forest,0.35,1,entropy,127.0,0.889954289732771
Random Forest,0.2,1,gini,130.0,0.8861599999999997
Random Forest,0.35,1,gini,129.0,0.8849050632911392
Random Forest,0.4,1,gini,126.0,0.8844369230769228
Random Forest,0.25,1,gini,129.0,0.8843279172821268
Random Forest,0.25,1,gini,126.0,0.8842540620384046
Random Forest,0.3,1,gini,126.0,0.884208367514356
Random Forest,0.35,1,gini,128.0,0.8841385372714491
Random Forest,0.4,1,gini,127.0,0.8840492307692307
Random Forest,0.35,1,gini,126.0,0.8839592123769338
Random Forest,0.4,1,gini,125.0,0.8839107692307695
Random Forest,0.3,1,gini,128.0,0.8838556193601308
Random Forest,0.15,1,gini,129.0,0.8837243642329775
Random Forest,0.45,1,gini,125.0,0.88371170678337
Random Forest,0.3,1,gini,130.0,0.8834167350287119
Random Forest,0.3,1,gini,127.0,0.88332239540607
Random Forest,0.35,1,gini,127.0,0.8833157524613217
Random Forest,0.25,1,gini,130.0,0.8832200886262921
Random Forest,0.25,1,gini,128.0,0.8831610044313147
Random Forest,0.1,1,gini,129.0,0.8831365313653134
Random Forest,0.1,1,gini,125.0,0.8831242312423124
Random Forest,0.2,1,gini,129.0,0.8830892307692308
Random Forest,0.15,1,gini,126.0,0.8829122231337163
Random Forest,0.4,1,gini,128.0,0.8828276923076921
Random Forest,0.45,1,gini,127.0,0.8828145514223198
Random Forest,0.3,1,gini,125.0,0.8827153404429857
Random Forest,0.45,1,gini,126.0,0.8826258205689278
Random Forest,0.15,1,gini,130.0,0.8824610336341264
Random Forest,0.2,1,gini,128.0,0.8824123076923079
Random Forest,0.4,1,gini,129.0,0.882393846153846
Random Forest,0.2,1,gini,127.0,0.8823138461538461
Random Forest,0.4,1,gini,130.0,0.8821076923076926
Random Forest,0.2,1,gini,125.0,0.882067692307692
Random Forest,0.15,1,gini,128.0,0.8820262510254309
Random Forest,0.25,1,gini,125.0,0.8819694731659282
Random Forest,0.1,1,gini,126.0,0.8819065190651909
Random Forest,0.45,1,gini,130.0,0.8818845733041576
Random Forest,0.35,1,gini,130.0,0.8818776371308019
Random Forest,0.3,1,gini,129.0,0.8817883511074647
Random Forest,0.2,1,gini,126.0,0.8817723076923076
Random Forest,0.1,1,gini,130.0,0.8817343173431738
Random Forest,0.45,1,gini,128.0,0.8815207877461709
Random Forest,0.15,1,gini,127.0,0.8812223133716164
Random Forest,0.35,1,gini,125.0,0.8806715893108296
Random Forest,0.15,1,gini,125.0,0.8805250205086139
Random Forest,0.45,1,gini,129.0,0.8805005470459512
Random Forest,0.1,1,gini,128.0,0.8801968019680195
Random Forest,0.1,1,gini,127.0,0.8791881918819193
Random Forest,0.25,1,gini,127.0,0.8787592319054659
Decision Tree,0.1,1,gini,,0.7918327183271834
Decision Tree,0.35,1,gini,,0.790973980309423
Decision Tree,0.3,1,gini,,0.7906357670221495
Decision Tree,0.4,1,gini,,0.790150769230769
Decision Tree,0.25,1,gini,,0.7901378631216147
Decision Tree,0.2,1,gini,,0.7898584615384618
Decision Tree,0.15,1,gini,,0.7897785069729286
Decision Tree,0.45,1,gini,,0.7896799781181624
Decision Tree,0.45,1,entropy,,0.745459518599562
Decision Tree,0.4,1,entropy,,0.7432153846153846
Decision Tree,0.35,1,entropy,,0.7415893108298169
Decision Tree,0.25,1,entropy,,0.7389414081733138
Decision Tree,0.2,1,entropy,,0.7355815384615384
Decision Tree,0.1,1,entropy,,0.7336039360393605
Decision Tree,0.3,1,entropy,,0.7326292042657918
Decision Tree,0.15,1,entropy,,0.7303363412633306
